tf,tf_acc,genome_acc,tf_motif_seq,tf_genes,predicted_motif_seqs
AphA,H9L4T0,NC_002506.1,TATACATTTAATATTCGCC,['VCA0952'],ATTCTCATTTTTGAGAATG
AphB,Q9KT56,NC_002506.1,TGGAAATCAATATTTCA,['VCA0526'],GATGGAAAGCTAGTTTTCAACAATG
CRP,Q9KNW6,NC_002506.1,AAGAGTGATAAATATCAATTAT,"['VCA1045', ' VCA1046', ' VCA1047']",ATTGGTCAACCAA
CRP,Q9KNW6,NC_002506.1,AAACATGACACAGGTCACACTA,"['VCA1045', ' VCA1046', ' VCA1047']",ATTGGTCAACCAA
CRP,Q9KNW6,NC_002506.1,AAACGAGATTTACATCAACTTA,"['VCA1045', ' VCA1046', ' VCA1047']",ATTGGTCAACCAA
CRP,Q9KNW6,NC_002506.1,AAAGTTGAAATAGATCACCATA,"['VCA1045', ' VCA1046', ' VCA1047']",ATTGGTCAACCAA
CRP,Q9KNW6,NC_002506.1,TTTAGCGACGTAAGTCACAAAA,"['VCA1045', ' VCA1046', ' VCA1047']",ATTGGTCAACCAA
Fur,P0C6C8,NC_002506.1,CAAATGATAATTGATCTTATT,['VCA0063'],"AAAATAATGGAGTAAATTCACGCCAA, AACGATAATGAGATCAATTATCATTT, AAAACAATTCCAA"
Fur,P0C6C8,NC_002506.1,CAAATGATAGCAATTATCATT,['VCA0576'],"AATGATAGTAATTATCATTTAGATC, CCATAATAGGCAACAACAACGGGCGG, TCTGTTATTGTGATTAAAGTCACATT, CTGATAACTAAAGACTAG, AAGGTATTGAAGCC"
Fur,P0C6C8,NC_002506.1,GATAATTGATCTTATTTAG,['VCA0063'],"AAAATAATGGAGTAAATTCACGCCAA, AACGATAATGAGATCAATTATCATTT, AAAACAATTCCAA"
Fur,P0C6C8,NC_002506.1,CTTAATGAGAATAAGTATC,['VCA0227'],TGATAATCATTCTCATT
Fur,P0C6C8,NC_002506.1,ACAAATGATAGCAATTATC,['VCA0576'],"AATGATAGTAATTATCATTTAGATC, CCATAATAGGCAACAACAACGGGCGG, TCTGTTATTGTGATTAAAGTCACATT, CTGATAACTAAAGACTAG, AAGGTATTGAAGCC"
Fur,P0C6C8,NC_002506.1,ATCATTAGCGTCAATTTAT,['VCA0907'],TAAGATCAATTATCAATTGCATTATC
Fur,P0C6C8,NC_002506.1,CTTAATAATAGCAATTATC,['VCA0907'],TAAGATCAATTATCAATTGCATTATC
Fur,P0C6C8,NC_002506.1,GAGAATAAATATCAATTAG,['VCA1041'],AGCGATTGCCTTCACGTAAATGATAG
RpoN,Q9KP49,NC_002506.1,TGGCATCTTCTTTGC,['VCA0144'],GCAATGAGCAAAAAATTGCCGAT
RpoN,Q9KP49,NC_002506.1,TGGCCTGTAATTTGC,['VCA0734'],TTCATTTTCCATTCATTTT
RpoN,Q9KP49,NC_002506.1,TGGCACGCACTATGC,['VCA1016'],"ATTAGCCATTTTCGGAACTCAA, AACAACGTCGGCTAAAGGGAATTGGC"
VpsR,Q9KU59,NC_002506.1,TTCTTAATATTGAGAAGG,['VCA0952'],ATTCTCATTTTTGAGAATG